<?xml version="1.0"?>
<!--
** DO NOT EDIT THIS FILE.
** If you make changes to this file while any VirtualBox related application
** is running, your changes will be overwritten later, without taking effect.
** Use VBoxManage or the VirtualBox Manager GUI to make changes.
-->
<VirtualBox xmlns="http://www.virtualbox.org/" version="1.16-macosx">
  <Machine uuid="{f284c015-576c-45c1-bdfc-555c35143687}" name="Ubuntu-CS120B" OSType="Ubuntu_64" snapshotFolder="Snapshots" lastStateChange="2020-04-05T22:56:39Z">
    <MediaRegistry>
      <HardDisks>
        <HardDisk uuid="{a2b91ce9-4fae-411f-9836-2c093e81d3ef}" location="Ubuntu-CS120B.vdi" format="VDI" type="Normal"/>
      </HardDisks>
      <DVDImages>
        <Image uuid="{1f1eb153-84b3-4ef2-8584-adf1b38bff38}" location="/Users/labtop/Downloads/ubuntu-18.04.4-desktop-amd64.iso"/>
        <Image uuid="{ce881bc6-c85d-48df-9d1c-875678e21b7e}" location="/Applications/VirtualBox.app/Contents/MacOS/VBoxGuestAdditions.iso"/>
      </DVDImages>
    </MediaRegistry>
    <ExtraData>
      <ExtraDataItem name="GUI/LastGuestSizeHint" value="1792,1054"/>
      <ExtraDataItem name="GUI/LastNormalWindowPosition" value="487,248,960,561"/>
      <ExtraDataItem name="GUI/LastScaleWindowPosition" value="0,45,894,679,max"/>
      <ExtraDataItem name="GUI/ScaleFactor" value="2"/>
    </ExtraData>
    <Hardware>
      <CPU>
        <PAE enabled="false"/>
        <LongMode enabled="true"/>
        <X2APIC enabled="true"/>
        <HardwareVirtExLargePages enabled="true"/>
      </CPU>
      <Memory RAMSize="4096"/>
      <HID Pointing="USBTablet"/>
      <Display controller="VMSVGA" VRAMSize="16"/>
      <VideoCapture screens="1" file="." fps="25"/>
      <BIOS>
        <IOAPIC enabled="true"/>
        <SmbiosUuidLittleEndian enabled="true"/>
      </BIOS>
      <USB>
        <Controllers>
          <Controller name="OHCI" type="OHCI"/>
        </Controllers>
      </USB>
      <Network>
        <Adapter slot="0" enabled="true" MACAddress="080027B715AC" type="82540EM">
          <NAT/>
        </Adapter>
      </Network>
      <AudioAdapter codec="AD1980" driver="CoreAudio" enabled="true" enabledIn="false"/>
      <RTC localOrUTC="UTC"/>
      <Clipboard mode="Bidirectional"/>
      <DragAndDrop mode="HostToGuest"/>
      <GuestProperties>
        <GuestProperty name="/VirtualBox/GuestAdd/Revision" value="136177" timestamp="1586120456634354000" flags=""/>
        <GuestProperty name="/VirtualBox/GuestAdd/Version" value="6.1.4" timestamp="1586120456634253000" flags=""/>
        <GuestProperty name="/VirtualBox/GuestAdd/VersionExt" value="6.1.4" timestamp="1586120456634284000" flags=""/>
        <GuestProperty name="/VirtualBox/GuestInfo/Net/0/MAC" value="080027B715AC" timestamp="1586120456635848000" flags=""/>
        <GuestProperty name="/VirtualBox/GuestInfo/Net/0/Name" value="enp0s3" timestamp="1586120456635963000" flags=""/>
        <GuestProperty name="/VirtualBox/GuestInfo/Net/0/Status" value="Up" timestamp="1586120456635872000" flags=""/>
        <GuestProperty name="/VirtualBox/GuestInfo/Net/0/V4/Broadcast" value="10.0.2.255" timestamp="1586120456635695000" flags=""/>
        <GuestProperty name="/VirtualBox/GuestInfo/Net/0/V4/IP" value="10.0.2.15" timestamp="1586120456635616000" flags=""/>
        <GuestProperty name="/VirtualBox/GuestInfo/Net/0/V4/Netmask" value="255.255.255.0" timestamp="1586120456635733000" flags=""/>
        <GuestProperty name="/VirtualBox/GuestInfo/Net/Count" value="1" timestamp="1586122428063167000" flags=""/>
        <GuestProperty name="/VirtualBox/GuestInfo/OS/Product" value="Linux" timestamp="1586120456634098000" flags=""/>
        <GuestProperty name="/VirtualBox/GuestInfo/OS/Release" value="5.3.0-45-generic" timestamp="1586120456634153000" flags=""/>
        <GuestProperty name="/VirtualBox/GuestInfo/OS/Version" value="#37~18.04.1-Ubuntu SMP Fri Mar 27 15:58:10 UTC 2020" timestamp="1586120456634202000" flags=""/>
        <GuestProperty name="/VirtualBox/HostInfo/GUI/LanguageID" value="en_US" timestamp="1586122430278933000" flags="RDONLYGUEST"/>
      </GuestProperties>
    </Hardware>
    <StorageControllers>
      <StorageController name="IDE" type="PIIX4" PortCount="2" useHostIOCache="true" Bootable="true">
        <AttachedDevice passthrough="false" type="DVD" hotpluggable="false" port="1" device="0"/>
      </StorageController>
      <StorageController name="SATA" type="AHCI" PortCount="1" useHostIOCache="false" Bootable="true" IDE0MasterEmulationPort="0" IDE0SlaveEmulationPort="1" IDE1MasterEmulationPort="2" IDE1SlaveEmulationPort="3">
        <AttachedDevice type="HardDisk" hotpluggable="false" port="0" device="0">
          <Image uuid="{a2b91ce9-4fae-411f-9836-2c093e81d3ef}"/>
        </AttachedDevice>
      </StorageController>
    </StorageControllers>
  </Machine>
</VirtualBox>
